{"cameraMode":{"drawMode":31,"name":"Sprite Mask","section":"Miscellaneous"},"sceneLighting":true,"audioPlay":false,"sceneViewState":{"showFog":true,"showMaterialUpdate":false,"showSkybox":true,"showFlares":true,"showImageEffects":true,"showParticleSystems":true},"in2DMode":false,"pivot":{"x":15.141551971435547,"y":-8.711137771606446,"z":4.48648738861084},"rotation":{"x":-0.4811226725578308,"y":0.16303429007530213,"z":-0.09157302230596543,"w":-0.8564890027046204},"size":15.358866691589356,"orthographic":false}